{
  "0.7809727906203332": { "user_id": 1 },
  "0.3345985402840108": { "user_id": 2 },
  "0.5309218576086103": { "user_id": 1 },
  "0.47921089040551146": { "user_id": 1 }
}
